{
  "Validate-0" : {
    "transaction" : "Validate-0",
    "sampleCount" : 1,
    "errorCount" : 0,
    "errorPct" : 0.0,
    "meanResTime" : 2028.0,
    "medianResTime" : 2028.0,
    "minResTime" : 2028.0,
    "maxResTime" : 2028.0,
    "pct1ResTime" : 2028.0,
    "pct2ResTime" : 2028.0,
    "pct3ResTime" : 2028.0,
    "throughput" : 0.4930966469428008,
    "receivedKBytesPerSec" : 0.46661196375739644,
    "sentKBytesPerSec" : 0.37511942184418146
  },
  "Validate-1" : {
    "transaction" : "Validate-1",
    "sampleCount" : 1,
    "errorCount" : 0,
    "errorPct" : 0.0,
    "meanResTime" : 1096.0,
    "medianResTime" : 1096.0,
    "minResTime" : 1096.0,
    "maxResTime" : 1096.0,
    "pct1ResTime" : 1096.0,
    "pct2ResTime" : 1096.0,
    "pct3ResTime" : 1096.0,
    "throughput" : 0.9124087591240876,
    "receivedKBytesPerSec" : 3.4393533302919703,
    "sentKBytesPerSec" : 0.5640183052007299
  },
  "logout-0" : {
    "transaction" : "logout-0",
    "sampleCount" : 1,
    "errorCount" : 0,
    "errorPct" : 0.0,
    "meanResTime" : 684.0,
    "medianResTime" : 684.0,
    "minResTime" : 684.0,
    "maxResTime" : 684.0,
    "pct1ResTime" : 684.0,
    "pct2ResTime" : 684.0,
    "pct3ResTime" : 684.0,
    "throughput" : 1.461988304093567,
    "receivedKBytesPerSec" : 1.2292694627192982,
    "sentKBytesPerSec" : 0.8352179276315789
  },
  "logout-1" : {
    "transaction" : "logout-1",
    "sampleCount" : 1,
    "errorCount" : 0,
    "errorPct" : 0.0,
    "meanResTime" : 627.0,
    "medianResTime" : 627.0,
    "minResTime" : 627.0,
    "maxResTime" : 627.0,
    "pct1ResTime" : 627.0,
    "pct2ResTime" : 627.0,
    "pct3ResTime" : 627.0,
    "throughput" : 1.594896331738437,
    "receivedKBytesPerSec" : 5.811092005582137,
    "sentKBytesPerSec" : 0.9095893141945773
  },
  "TimeModule" : {
    "transaction" : "TimeModule",
    "sampleCount" : 1,
    "errorCount" : 0,
    "errorPct" : 0.0,
    "meanResTime" : 1478.0,
    "medianResTime" : 1478.0,
    "minResTime" : 1478.0,
    "maxResTime" : 1478.0,
    "pct1ResTime" : 1478.0,
    "pct2ResTime" : 1478.0,
    "pct3ResTime" : 1478.0,
    "throughput" : 0.6765899864682003,
    "receivedKBytesPerSec" : 3.02351150202977,
    "sentKBytesPerSec" : 0.7776820449932341
  },
  "TimeModule-0" : {
    "transaction" : "TimeModule-0",
    "sampleCount" : 1,
    "errorCount" : 0,
    "errorPct" : 0.0,
    "meanResTime" : 568.0,
    "medianResTime" : 568.0,
    "minResTime" : 568.0,
    "maxResTime" : 568.0,
    "pct1ResTime" : 568.0,
    "pct2ResTime" : 568.0,
    "pct3ResTime" : 568.0,
    "throughput" : 1.7605633802816902,
    "receivedKBytesPerSec" : 1.4803174515845072,
    "sentKBytesPerSec" : 1.0195450044014085
  },
  "TimeModule-1" : {
    "transaction" : "TimeModule-1",
    "sampleCount" : 1,
    "errorCount" : 0,
    "errorPct" : 0.0,
    "meanResTime" : 909.0,
    "medianResTime" : 909.0,
    "minResTime" : 909.0,
    "maxResTime" : 909.0,
    "pct1ResTime" : 909.0,
    "pct2ResTime" : 909.0,
    "pct3ResTime" : 909.0,
    "throughput" : 1.1001100110011,
    "receivedKBytesPerSec" : 3.9911217684268427,
    "sentKBytesPerSec" : 0.6274064906490648
  },
  "view" : {
    "transaction" : "view",
    "sampleCount" : 1,
    "errorCount" : 0,
    "errorPct" : 0.0,
    "meanResTime" : 1532.0,
    "medianResTime" : 1532.0,
    "minResTime" : 1532.0,
    "maxResTime" : 1532.0,
    "pct1ResTime" : 1532.0,
    "pct2ResTime" : 1532.0,
    "pct3ResTime" : 1532.0,
    "throughput" : 0.6527415143603134,
    "receivedKBytesPerSec" : 2.9188509709530024,
    "sentKBytesPerSec" : 0.7591944761749347
  },
  "logout" : {
    "transaction" : "logout",
    "sampleCount" : 1,
    "errorCount" : 0,
    "errorPct" : 0.0,
    "meanResTime" : 1311.0,
    "medianResTime" : 1311.0,
    "minResTime" : 1311.0,
    "maxResTime" : 1311.0,
    "pct1ResTime" : 1311.0,
    "pct2ResTime" : 1311.0,
    "pct3ResTime" : 1311.0,
    "throughput" : 0.7627765064836003,
    "receivedKBytesPerSec" : 3.4205758962623953,
    "sentKBytesPerSec" : 0.8707868516399695
  },
  "Validate" : {
    "transaction" : "Validate",
    "sampleCount" : 1,
    "errorCount" : 0,
    "errorPct" : 0.0,
    "meanResTime" : 3129.0,
    "medianResTime" : 3129.0,
    "minResTime" : 3129.0,
    "maxResTime" : 3129.0,
    "pct1ResTime" : 3129.0,
    "pct2ResTime" : 3129.0,
    "pct3ResTime" : 3129.0,
    "throughput" : 0.31959092361776925,
    "receivedKBytesPerSec" : 1.5071333692873123,
    "sentKBytesPerSec" : 0.44068592201981466
  },
  "Test" : {
    "transaction" : "Test",
    "sampleCount" : 1,
    "errorCount" : 0,
    "errorPct" : 0.0,
    "meanResTime" : 7450.0,
    "medianResTime" : 7450.0,
    "minResTime" : 7450.0,
    "maxResTime" : 7450.0,
    "pct1ResTime" : 7450.0,
    "pct2ResTime" : 7450.0,
    "pct3ResTime" : 7450.0,
    "throughput" : 0.1342281879194631,
    "receivedKBytesPerSec" : 2.43498322147651,
    "sentKBytesPerSec" : 0.6487258808724832
  },
  "Total" : {
    "transaction" : "Total",
    "sampleCount" : 12,
    "errorCount" : 0,
    "errorPct" : 0.0,
    "meanResTime" : 1241.0833333333333,
    "medianResTime" : 1002.5,
    "minResTime" : 568.0,
    "maxResTime" : 3129.0,
    "pct1ResTime" : 2798.700000000001,
    "pct2ResTime" : 3129.0,
    "pct3ResTime" : 3129.0,
    "throughput" : 0.37539886129012073,
    "receivedKBytesPerSec" : 1.1349949946818494,
    "sentKBytesPerSec" : 0.3023842715697929
  },
  "view-1" : {
    "transaction" : "view-1",
    "sampleCount" : 1,
    "errorCount" : 0,
    "errorPct" : 0.0,
    "meanResTime" : 718.0,
    "medianResTime" : 718.0,
    "minResTime" : 718.0,
    "maxResTime" : 718.0,
    "pct1ResTime" : 718.0,
    "pct2ResTime" : 718.0,
    "pct3ResTime" : 718.0,
    "throughput" : 1.392757660167131,
    "receivedKBytesPerSec" : 5.056907207520892,
    "sentKBytesPerSec" : 0.7943071030640669
  },
  "view-0" : {
    "transaction" : "view-0",
    "sampleCount" : 1,
    "errorCount" : 0,
    "errorPct" : 0.0,
    "meanResTime" : 813.0,
    "medianResTime" : 813.0,
    "minResTime" : 813.0,
    "maxResTime" : 813.0,
    "pct1ResTime" : 813.0,
    "pct2ResTime" : 813.0,
    "pct3ResTime" : 813.0,
    "throughput" : 1.2300123001230012,
    "receivedKBytesPerSec" : 1.0342193265682658,
    "sentKBytesPerSec" : 0.7291186193111932
  }
}